[{"name":"sql.active_record","payload":{"sql":"BEGIN","name":null,"connection_id":70241432092520,"binds":[]},"time":"2014-04-02T08:54:53-04:00","transaction_id":"94ee5a5bfafcf5b55e91","end":"2014-04-02T08:54:53-04:00","children":[],"duration":0.268},{"name":"sql.active_record","payload":{"sql":"SELECT  1 AS one FROM \"users\"  WHERE \"users\".\"email\" = 'email@email.com' LIMIT 1","name":"User Exists","connection_id":70241432092520,"binds":[]},"time":"2014-04-02T08:54:53-04:00","transaction_id":"94ee5a5bfafcf5b55e91","end":"2014-04-02T08:54:53-04:00","children":[],"duration":0.671},{"name":"sql.active_record","payload":{"sql":"SHOW search_path","name":"SCHEMA","connection_id":70241432092520,"binds":[]},"time":"2014-04-02T08:54:53-04:00","transaction_id":"94ee5a5bfafcf5b55e91","end":"2014-04-02T08:54:53-04:00","children":[],"duration":0.195},{"name":"sql.active_record","payload":{"sql":"INSERT INTO \"users\" (\"created_at\", \"email\", \"encrypted_password\", \"first_name\", \"last_name\", \"updated_at\") VALUES ($1, $2, $3, $4, $5, $6) RETURNING \"id\"","name":"SQL","connection_id":70241432092520,"binds":[[{"oid_type":{},"array":false,"name":"created_at","sql_type":"timestamp without time zone","null":true,"limit":null,"precision":null,"scale":null,"type":"datetime","default":null,"default_function":null,"primary":false,"coder":null},"2014-04-02T12:54:53.266Z"],[{"oid_type":{},"array":false,"name":"email","sql_type":"character varying(255)","null":false,"limit":255,"precision":null,"scale":null,"type":"string","default":"","default_function":null,"primary":false,"coder":null},"email@email.com"],[{"oid_type":{},"array":false,"name":"encrypted_password","sql_type":"character varying(255)","null":false,"limit":255,"precision":null,"scale":null,"type":"string","default":"","default_function":null,"primary":false,"coder":null},"$2a$10$hOfRETuu10O0y64B8FrJG.c9Ue9kPiSVeCLiNcfWk667kWHym5x3u"],[{"oid_type":{},"array":false,"name":"first_name","sql_type":"character varying(255)","null":false,"limit":255,"precision":null,"scale":null,"type":"string","default":null,"default_function":null,"primary":false,"coder":null},"email"],[{"oid_type":{},"array":false,"name":"last_name","sql_type":"character varying(255)","null":false,"limit":255,"precision":null,"scale":null,"type":"string","default":null,"default_function":null,"primary":false,"coder":null},"email"],[{"oid_type":{},"array":false,"name":"updated_at","sql_type":"timestamp without time zone","null":true,"limit":null,"precision":null,"scale":null,"type":"datetime","default":null,"default_function":null,"primary":false,"coder":null},"2014-04-02T12:54:53.266Z"]]},"time":"2014-04-02T08:54:53-04:00","transaction_id":"94ee5a5bfafcf5b55e91","end":"2014-04-02T08:54:53-04:00","children":[],"duration":409.31},{"name":"sql.active_record","payload":{"sql":"COMMIT","name":null,"connection_id":70241432092520,"binds":[]},"time":"2014-04-02T08:54:53-04:00","transaction_id":"94ee5a5bfafcf5b55e91","end":"2014-04-02T08:54:53-04:00","children":[],"duration":43.319},{"name":"sql.active_record","payload":{"sql":"BEGIN","name":null,"connection_id":70241432092520,"binds":[]},"time":"2014-04-02T08:54:53-04:00","transaction_id":"94ee5a5bfafcf5b55e91","end":"2014-04-02T08:54:53-04:00","children":[],"duration":0.345},{"name":"sql.active_record","payload":{"sql":"UPDATE \"users\" SET \"last_sign_in_at\" = $1, \"current_sign_in_at\" = $2, \"last_sign_in_ip\" = $3, \"current_sign_in_ip\" = $4, \"sign_in_count\" = $5, \"updated_at\" = $6 WHERE \"users\".\"id\" = 2","name":"SQL","connection_id":70241432092520,"binds":[[{"oid_type":{},"array":false,"name":"last_sign_in_at","sql_type":"timestamp without time zone","null":true,"limit":null,"precision":null,"scale":null,"type":"datetime","default":null,"default_function":null,"primary":null,"coder":null},"2014-04-02T12:54:53.722Z"],[{"oid_type":{},"array":false,"name":"current_sign_in_at","sql_type":"timestamp without time zone","null":true,"limit":null,"precision":null,"scale":null,"type":"datetime","default":null,"default_function":null,"primary":null,"coder":null},"2014-04-02T12:54:53.722Z"],[{"oid_type":{},"array":false,"name":"last_sign_in_ip","sql_type":"character varying(255)","null":true,"limit":255,"precision":null,"scale":null,"type":"string","default":null,"default_function":null,"primary":null,"coder":null},"127.0.0.1"],[{"oid_type":{},"array":false,"name":"current_sign_in_ip","sql_type":"character varying(255)","null":true,"limit":255,"precision":null,"scale":null,"type":"string","default":null,"default_function":null,"primary":null,"coder":null},"127.0.0.1"],[{"oid_type":{},"array":false,"name":"sign_in_count","sql_type":"integer","null":false,"limit":null,"precision":null,"scale":null,"type":"integer","default":0,"default_function":null,"primary":null,"coder":null},1],[{"oid_type":{},"array":false,"name":"updated_at","sql_type":"timestamp without time zone","null":true,"limit":null,"precision":null,"scale":null,"type":"datetime","default":null,"default_function":null,"primary":null,"coder":null},"2014-04-02T12:54:53.723Z"]]},"time":"2014-04-02T08:54:53-04:00","transaction_id":"94ee5a5bfafcf5b55e91","end":"2014-04-02T08:54:53-04:00","children":[],"duration":32.909},{"name":"sql.active_record","payload":{"sql":"COMMIT","name":null,"connection_id":70241432092520,"binds":[]},"time":"2014-04-02T08:54:53-04:00","transaction_id":"94ee5a5bfafcf5b55e91","end":"2014-04-02T08:54:53-04:00","children":[],"duration":0.737},{"name":"process_action.action_controller","payload":{"controller":"Devise::RegistrationsController","action":"create","params":{"utf8":"✓","authenticity_token":"gIMDApxPpWBYmzFnGp+DyD6yWy+ibpucvE9az85hvsk=","user":{"email":"email@email.com","first_name":"email","last_name":"email","password":"[FILTERED]","password_confirmation":"[FILTERED]"},"commit":"Sign up","action":"create","controller":"devise/registrations"},"format":"html","method":"POST","path":"/users","status":302,"view_runtime":null,"db_runtime":485.656},"time":"2014-04-02T08:54:53-04:00","transaction_id":"f7ebc368d8e451ae4348","end":"2014-04-02T08:54:53-04:00","children":[],"duration":574.999}]