[{"name":"render_template.action_view","payload":{"identifier":"/Users/Albeezy/Documents/launch_academy/group_project/gemmerator/app/views/welcome/index.html.erb","layout":"layouts/application"},"time":"2014-04-02T08:55:11-04:00","transaction_id":"9ba521d8ecbc46e4dbda","end":"2014-04-02T08:55:11-04:00","children":[],"duration":0.214},{"name":"render_partial.action_view","payload":{"identifier":"/Users/Albeezy/Documents/launch_academy/group_project/gemmerator/app/views/layouts/_messages.html.erb"},"time":"2014-04-02T08:55:11-04:00","transaction_id":"9ba521d8ecbc46e4dbda","end":"2014-04-02T08:55:11-04:00","children":[],"duration":0.704},{"name":"sql.active_record","payload":{"sql":"SELECT  \"users\".* FROM \"users\"  WHERE \"users\".\"id\" = 2  ORDER BY \"users\".\"id\" ASC LIMIT 1","name":"User Load","connection_id":70241432092520,"binds":[]},"time":"2014-04-02T08:55:11-04:00","transaction_id":"94ee5a5bfafcf5b55e91","end":"2014-04-02T08:55:11-04:00","children":[],"duration":1.2229999999999999},{"name":"process_action.action_controller","payload":{"controller":"WelcomeController","action":"index","params":{"controller":"welcome","action":"index"},"format":"html","method":"GET","path":"/","status":200,"view_runtime":62.145,"db_runtime":0.832},"time":"2014-04-02T08:55:10-04:00","transaction_id":"9ba521d8ecbc46e4dbda","end":"2014-04-02T08:55:11-04:00","children":[],"duration":91.929}]