[{"name":"sql.active_record","payload":{"sql":"SELECT  \"users\".* FROM \"users\"  WHERE \"users\".\"id\" = 2  ORDER BY \"users\".\"id\" ASC LIMIT 1","name":"User Load","connection_id":70241432092520,"binds":[]},"time":"2014-04-02T08:55:10-04:00","transaction_id":"94ee5a5bfafcf5b55e91","end":"2014-04-02T08:55:10-04:00","children":[],"duration":0.7829999999999999},{"name":"process_action.action_controller","payload":{"controller":"Devise::SessionsController","action":"new","params":{"action":"new","controller":"devise/sessions"},"format":"html","method":"GET","path":"/users/sign_in","status":302,"view_runtime":null,"db_runtime":0.64},"time":"2014-04-02T08:55:10-04:00","transaction_id":"9ba521d8ecbc46e4dbda","end":"2014-04-02T08:55:10-04:00","children":[],"duration":3.195}]