[{"name":"render_template.action_view","payload":{"identifier":"/Users/Albeezy/Documents/launch_academy/group_project/gemmerator/app/views/welcome/index.html.erb","layout":"layouts/application"},"time":"2014-04-02T08:55:19-04:00","transaction_id":"bc159b13ccd91e1ae874","end":"2014-04-02T08:55:19-04:00","children":[],"duration":0.114},{"name":"render_partial.action_view","payload":{"identifier":"/Users/Albeezy/Documents/launch_academy/group_project/gemmerator/app/views/layouts/_messages.html.erb"},"time":"2014-04-02T08:55:19-04:00","transaction_id":"bc159b13ccd91e1ae874","end":"2014-04-02T08:55:19-04:00","children":[],"duration":0.256},{"name":"process_action.action_controller","payload":{"controller":"WelcomeController","action":"index","params":{"controller":"welcome","action":"index"},"format":"html","method":"GET","path":"/","status":200,"view_runtime":9.379,"db_runtime":0},"time":"2014-04-02T08:55:19-04:00","transaction_id":"bc159b13ccd91e1ae874","end":"2014-04-02T08:55:19-04:00","children":[],"duration":9.831}]