[{"name":"sql.active_record","payload":{"sql":"SELECT  \"users\".* FROM \"users\"  WHERE \"users\".\"id\" = 2  ORDER BY \"users\".\"id\" ASC LIMIT 1","name":"User Load","connection_id":70241432092520,"binds":[]},"time":"2014-04-02T08:55:16-04:00","transaction_id":"94ee5a5bfafcf5b55e91","end":"2014-04-02T08:55:16-04:00","children":[],"duration":0.74},{"name":"sql.active_record","payload":{"sql":"BEGIN","name":null,"connection_id":70241432092520,"binds":[]},"time":"2014-04-02T08:55:16-04:00","transaction_id":"94ee5a5bfafcf5b55e91","end":"2014-04-02T08:55:16-04:00","children":[],"duration":0.47600000000000003},{"name":"sql.active_record","payload":{"sql":"COMMIT","name":null,"connection_id":70241432092520,"binds":[]},"time":"2014-04-02T08:55:16-04:00","transaction_id":"94ee5a5bfafcf5b55e91","end":"2014-04-02T08:55:16-04:00","children":[],"duration":0.331},{"name":"process_action.action_controller","payload":{"controller":"Devise::SessionsController","action":"destroy","params":{"_method":"delete","authenticity_token":"gIMDApxPpWBYmzFnGp+DyD6yWy+ibpucvE9az85hvsk=","action":"destroy","controller":"devise/sessions"},"format":"html","method":"POST","path":"/users/sign_out","status":302,"view_runtime":null,"db_runtime":0.884},"time":"2014-04-02T08:55:16-04:00","transaction_id":"f7ebc368d8e451ae4348","end":"2014-04-02T08:55:16-04:00","children":[],"duration":44.721}]