[{"name":"render_partial.action_view","payload":{"identifier":"/Users/Albeezy/Documents/launch_academy/group_project/gemmerator/app/views/devise/shared/_links.erb"},"time":"2014-04-02T10:11:42-04:00","transaction_id":"bf85fecae2f8edd6b24d","end":"2014-04-02T10:11:42-04:00","children":[],"duration":1.244},{"name":"render_template.action_view","payload":{"identifier":"/Users/Albeezy/Documents/launch_academy/group_project/gemmerator/app/views/devise/registrations/new.html.erb","layout":"layouts/application"},"time":"2014-04-02T10:11:42-04:00","transaction_id":"bf85fecae2f8edd6b24d","end":"2014-04-02T10:11:42-04:00","children":[],"duration":98.506},{"name":"render_partial.action_view","payload":{"identifier":"/Users/Albeezy/Documents/launch_academy/group_project/gemmerator/app/views/layouts/_messages.html.erb"},"time":"2014-04-02T10:11:42-04:00","transaction_id":"bf85fecae2f8edd6b24d","end":"2014-04-02T10:11:42-04:00","children":[],"duration":0.639},{"name":"process_action.action_controller","payload":{"controller":"Devise::RegistrationsController","action":"new","params":{"action":"new","controller":"devise/registrations"},"format":"html","method":"GET","path":"/users/sign_up","status":200,"view_runtime":278.712,"db_runtime":0},"time":"2014-04-02T10:11:42-04:00","transaction_id":"bf85fecae2f8edd6b24d","end":"2014-04-02T10:11:42-04:00","children":[],"duration":287.74100000000004}]