[{"name":"render_partial.action_view","payload":{"identifier":"/Users/Albeezy/Documents/launch_academy/group_project/gemmerator/app/views/devise/shared/_links.erb"},"time":"2014-04-02T08:55:27-04:00","transaction_id":"bc159b13ccd91e1ae874","end":"2014-04-02T08:55:27-04:00","children":[],"duration":0.622},{"name":"render_template.action_view","payload":{"identifier":"/Users/Albeezy/Documents/launch_academy/group_project/gemmerator/app/views/devise/sessions/new.html.erb","layout":"layouts/application"},"time":"2014-04-02T08:55:27-04:00","transaction_id":"bc159b13ccd91e1ae874","end":"2014-04-02T08:55:27-04:00","children":[],"duration":84.506},{"name":"render_partial.action_view","payload":{"identifier":"/Users/Albeezy/Documents/launch_academy/group_project/gemmerator/app/views/layouts/_messages.html.erb"},"time":"2014-04-02T08:55:27-04:00","transaction_id":"bc159b13ccd91e1ae874","end":"2014-04-02T08:55:27-04:00","children":[],"duration":0.3},{"name":"process_action.action_controller","payload":{"controller":"Devise::SessionsController","action":"new","params":{"action":"new","controller":"devise/sessions"},"format":"html","method":"GET","path":"/users/sign_in","status":200,"view_runtime":104.283,"db_runtime":0},"time":"2014-04-02T08:55:27-04:00","transaction_id":"bc159b13ccd91e1ae874","end":"2014-04-02T08:55:27-04:00","children":[],"duration":105.30399999999999}]